B_uT,u_star,u_star_err,DeltaY_max,FWHM
30,1.738,0.034,0.00080457,1.979
40,1.711,0.031,0.0013869,1.984
50,1.682,0.027,0.0020881,1.992
60,1.651,0.025,0.0028828,2.001
70,1.621,0.024,0.0037468,2.015
